search_time,search_key,title,link,pub_date,description,source,newsUrl,content
2024-10-02 18:39:06,降息,美國降息2碼讓經濟走向軟著陸？本週可初步檢驗 華爾街看好股市續揚 - 財訊,https://news.google.com/rss/articles/CBMie0FVX3lxTE5ESnNIbmg3Q0hhaDBHblNHbUNuN1BmVV9vbC0yVUFOYXNmZE5mcHoxdXNiQ1h2X2F1Q0hPOFd3YVZUaHlPcGFxUkpHZ3F5YnQyTEE3Q1N6YUk3MWk4QmNfUzdZbkdrc1U3LVlkbUlLN0pMdEMwOHRnSWNmZw?oc=5,2024-09-23 04:04:15,美國降息2碼讓經濟走向軟著陸？本週可初步檢驗 華爾街看好股市續揚,財訊,https://www.wealth.com.tw/articles/94f6378c-fa52-4c7b-960f-245739d7a346,unknow domain
2024-10-02 18:39:06,降息,Fed 降息 為什麼美債不漲反跌？ 搶搭降息財先搞懂這個 - 聯合新聞網,https://news.google.com/rss/articles/CBMiUEFVX3lxTE93bl9Kc3V0LVYwZVc5andYSFE4WVQ4NVFzR3AzTmRrckVmVlQ1Q2hlM2w5eWpLSC1nODlKaDJucDdtbjBBcFZVRkRYbTRrY0h00gFWQVVfeXFMUGQ4UGtWcEx5a0YxMDdOdmhjNUwyNE5IeHppeGV3V0NRdC1JS2ZhNTBka21XVXl3dTdoWl96UWZrQ0ZRNFFBd05qVGtiQjhDVDlicjlLSXc?oc=5,2024-09-23 04:40:33,Fed 降息 為什麼美債不漲反跌？ 搶搭降息財先搞懂這個,聯合新聞網,https://udn.com/news/story/7239/8245158,美國聯準會9月FOMC會議宣布降息2碼，結果不但沒有點燃預期中的美債多頭行情，反而澆熄了原本升溫的美債ETF走勢，盤面上幾檔主要長天期公債ETF接連兩天以下跌作收。   事實上，聯準會公布利率決策會議結果後，美國公債殖利率並未如市場預期的走降，美國10年期公債從3.65%上升9個基點至3.74%，2年期公債則持平於3.60%。雖然聯準會調降兩碼幅度較大，但無論會後聲明或聯準會主席鮑爾的談話，都透露對於美國經濟穩健的信心，本次降息兩碼更像是防範未然、希望先發制人維持就業市場力度的舉措。   凱基美國非投等債（00945B）基金經理人鄭翰紘表示，由於市場先前普遍已調高對聯準會未來一年降息幅度的預期達到接近10碼水準，長天期公債殖利率也提前反應市場的預期而走低，因此在降息實際啟動後，反而出現長期殖利率走高、短期殖利率持平的現象。   這樣的發展為利率環境漸趨正常化的結果，未來預期短期利率仍將跟隨聯準會降息動作走低，但長期利率將呈區間震盪且下降幅度較小，帶動10年期減2年期公債殖利率曲線斜率轉正後恢復趨陡。   有鑑於此，鄭翰紘提醒，現階段過度重押長天期公債期望得到降息帶來的資本利得，反而可能承受利率波動風險，建議應以避險或分散投資組合考量配置中短天期的公司債；債券ETF的選擇仍應回歸債券的本質，也就是把債券當債券買，專注債券的票息收益，因此更偏好投資等級債中較低評級（A-BBB級），以及非投資等級債中的較高評級者（BB-B級），透過利差優勢強化息收效果。  ▪ 立院今審都更條例！估8千多棟受惠 多集中雙北地區  ▪ 金龍海嘯來襲 房仲：9月交易慘不忍睹  ▪ 金龍海嘯沒在怕？ 第3季土地交易破千億「現在仍有人在買」  ▪ 都更條例放寬容積認定標準 估8216棟建物老屋適用  ▪ 棟距有多重要？專家揭這兩個「無形的問題」 
2024-10-02 18:39:06,降息,投資者把握利多！Fed降息5大影響一次看 曝Q4該如何布局 - 聯合新聞網,https://news.google.com/rss/articles/CBMiUEFVX3lxTFAwVGt4a1N4RWw1R2NZM29PTGpIOGhBbGJzbFlObkUwMG0zZi1VRjJUTU1KeGJGQkF6SUZ6S1l0V1p3azJPd0VFOVdqd1dWQVUy?oc=5,2024-09-23 23:30:00,投資者把握利多！Fed降息5大影響一次看 曝Q4該如何布局,聯合新聞網,https://udn.com/news/story/7238/8245673,通膨降、就業緩，美國聯準會（Fed）終於啟動降息，更以一口氣降息2碼作為起手式，究竟，Fed降息會帶來哪些影響？對於投資者來說，面對這一波新的經濟變化，又該如何把握利多，後續投資策略該如何調整？   美國聯邦公開市場委員會（FOMC）在最新的利率會議中，決定降息兩碼。消息公佈後一日，美國股市與台灣股市開始雙雙上漲，顯然此次降息符合市場預期，也消除了市場先前臆測雜音。   但委員會內部意見分歧明顯。根據9月經濟預測總結（SEP），FOMC內部有9位成員認為今年降息三碼或更少，而另9位成員支持降息四碼，意味著今年還有進一步降息的可能性。僅一位成員預測2024年將再降息三碼，顯示出市場對聯準會未來政策的預期仍不一致。    瑞銀投資銀行研究部認為，這暗示著FOMC可能在年底前的兩次會議中採取較緩慢的降息步伐，可能是一次降息兩碼，或分兩次各降一碼。聯準會此次政策轉向主要受到通膨率回落與就業市場放緩的影響，反映了其政策重心逐漸轉向「支持就業最大化」。值得注意的是，若就業市場進一步轉弱，市場預期聯準會可能會採取更積極的降息策略。   所以，投資市場最關注的是，一旦就業市場更為轉弱，聯準會將出現更多更快的大幅度降息。只是，以目前企業獲利、消費信心等指標觀察，許多投資機構仍維持既有的「軟著陸」(低成長、低通膨)預測，認為美國經濟衰退機率仍低。  降息五大影響一次看  此次降息將對市場和經濟產生深遠影響，涵蓋五個主要層面：  1. 企業借貸成本降低：隨著利率下調，企業的融資成本減少，資金更容易流向股市，推動企業投資和市場活絡。  2. 債券市場吸引力增加：降息將使新發行的債券收益率下降，提升已發行債券的吸引力，特別是對投資者來說，舊債券的相對價值提高。  3. 美元貶值壓力增強：隨著利率下降，投資者可能將資金轉向其他市場以尋求更高收益，這將進一步加大美元的貶值壓力，為亞洲貨幣升值提供機會。  4. 消費意願提升：利率下降將促使借貸成本降低，進而推動消費者信心上升，但這也可能帶來通膨再次上升的風險。  5. 房地產市場受益：隨著銀行利率下降，貸款成本減少，民眾購房能力增強，進一步刺激房地產市場的發展。    投資者目前最關心的是如何在降息環境中抓住機會。瑞士百達投顧認為，股市自2022年10月以來的漲幅已超過50%，目前累積了相當的整理壓力。此外，隨著美國總統大選的臨近，政治不確定性也將影響市場。但整體而言，投資機構對未來仍持樂觀態度，認為降息週期啟動和全球經濟軟著陸的預期將繼續支持股市上漲。   百達投顧建議投資者應專注於擁有「護城河」的優質企業，即那些具有穩健財務狀況、低負債比率並能持續創造穩定盈利的公司。這些企業在當前市場環境下將具有較好的防禦能力與增長潛力。   中東、俄烏衝突升級，加上美國大選進入白熱化階段，將給市場帶來更多波動性。因此，富達建議投資者採取全球優質股息策略，並搭配全球優質債券作為核心資產配置，以對抗市場風險。富達也對科技股的長期發展持樂觀態度，認為科技板塊將在未來的經濟環境中繼續表現突出。   瀚亞投信投資長林如惠則指出，全球多數企業尚未感受到經濟衰退的威脅，並且市場對美國和歐元區經濟增長的預期持續上修。她認為，雖然聯準會在9月啟動降息，但應該會以漸進、緩慢方式進行。   債市迎風，固定收益市場有甜頭  瀚亞投信固定收益部主管周曉蘭表示，儘管經濟成長風險依然存在，固定收益產品在第四季度的吸引力依然強勁。她建議投資者保持現有倉位，並認為如果利率反彈，將是再度布局的良機。尤其看好投資等級債券和非投資等級債券的表現，預計利差將進一步收窄。   根據周曉蘭的觀點，非投資等級債券將受益於逐步放鬆的貨幣政策與經濟增長的背景。她預測，非投資等級債券今年將有中高個位數的報酬率，特別是在目前企業資產負債表強勁、利率波動較小的情況下，投資人仍可享有高息甜投。   值得注意的是，美國總統大選在即，將影響第四季金融資產表現。瀚亞投信投資長林如惠觀察，全球多數企業並未感受到經濟衰退的威脅，市場也持續上修對美國與歐元區的經濟成長預估。   林如惠說，川普與賀錦麗民調拉鋸當中，由於兩方提出的政見差異甚大，加上前一屆川普執政時，對金融市場影響很大，所以此次美國大選也備受市場高度關注。   以下是瀚亞投信2024年第四季針對不同債券類別的投資建議：   瀚亞投信固定收益部主管周曉蘭表示，儘管經濟成長風險依然存在，固定收益產品在第四季度的吸引力依然強勁。她建議投資者保持現有倉位，並認為如果利率反彈，將是再度布局的良機。尤其看好投資等級債券和非投資等級債券的表現，預計利差將進一步收窄。   周曉蘭分析，非投資等級債券將受益於逐步放鬆的貨幣政策與經濟增長的背景。她預測，非投資等級債券今年將有中高個位數的報酬率，特別是在目前企業資產負債表強勁、利率波動較小的情況下。   儘管美中成長將放緩，但新興市場應會繼續以略低於趨勢速度穩定增長，相關資產可望受惠於美國寬鬆政策，雖非大幅反映，但預計可逐步發酵，長期仍有投資機會。   只是，雖邁向傳統消費旺季第四季，可望替股市帶來支撐，但也正因台股與美股的高度連動性，投資人應特別保持警惕，尤其是股市近期大幅上漲後的修正壓力。   為趨吉避凶，轉向高息資產亦是避險策略之一。   舉例來說，聯準會宣布降息是台灣時間19日清晨，而當天台股開盤，ETF前8名由高息型ETF全數囊括。其中，又以9月23日即將除息的群益台灣精選高息ETF（00919）人氣最高，日成交量高達10.8萬張。顯示市場對其穩定的配息政策高度認可。   群益投信00919基金經理人謝明志指出，高息股具有穩定領息和抗跌的雙重特性。從存股角度來看，大盤波段低點反而是好時機。此外，他也提醒，除了觀察配息率高低，也要考量企業獲利成長性，如此更能在市場回歸多頭時拔得頭籌。  延伸閱讀Fed降息兩碼拍板！4年來首度啟動降息循環，聯準會鮑爾還說了什麼？聯準會降息「關鍵日」！股票會跌？債券還能買？專家給解方美國總統大選如何牽動投資情勢？聯博首席經濟學家這樣看延伸閱讀  （本文出自2024.09.20《遠見》網站，未經同意禁止轉載。）    ▪ 立院今審都更條例！估8千多棟受惠 多集中雙北地區  ▪ 金龍海嘯來襲 房仲：9月交易慘不忍睹  ▪ 金龍海嘯沒在怕？ 第3季土地交易破千億「現在仍有人在買」  ▪ 都更條例放寬容積認定標準 估8216棟建物老屋適用  ▪ 棟距有多重要？專家揭這兩個「無形的問題」 
2024-10-02 18:39:06,降息,【一分鐘看圖論市】聯準會降息幅度超預期，市場正面以對 - Anue鉅亨,https://news.google.com/rss/articles/CBMiT0FVX3lxTE1mYkhkb3o4ZGttT2hmMFFlXzZfR1ZZNm1Ec2xGTGp5WjhaMzZMVjJ0WUh3TzNxOTJQYmdCWXk0bmxGZ2tkZlozNHh1cHJocjg?oc=5,2024-09-24 02:28:43,【一分鐘看圖論市】聯準會降息幅度超預期，市場正面以對,Anue鉅亨,https://news.cnyes.com/news/id/5722913,降息幅度超乎預期，市場反映平靜9 月 FOMC 會議超出多數經濟學家預期降息兩碼，經濟展望預測 2024 年經濟成長及通膨預期微幅下調、但失業率上調 (顯示 FED 轉向就業風險)；點陣圖則顯示 2024 年終端利率仍有 2 碼降息空間。利率決策公布後，公債殖利率上揚、美股先漲後跌，但變動皆不大，顯示市場已提前反映降息心理。FED 願意以大幅度降息對抗未來經濟下滑風險，後續仍需密切觀察經濟數據變化 (特別是就業市場表現)。日銀按兵不動，但立場不變日銀此次雖將利率維持在 0.25% 不變，不過在聲明中上調對消費前景的預期，顯示對日銀對於經濟強勁復甦的信心，也讓市場認為日銀是在為接下來進一步升息進行鋪路。不過何時升息僅透露將取決於經濟數據與美國經濟前景，目前市場對於日銀何時再度升息看法分歧，但在 2024 年底前升息的可能性仍有近 20%。【成熟市場】【新興市場】【債匯金市】* 本文不做個別公司個股銷售及推薦之用，投資人申購本基金係持有基金受益憑證，而非本文提及之投資資產或標的，基金投資組合因時而異，請投資人留意。>>> 閱讀更多精彩文章野村證券投資信託股份有限公司｜110615 台北市信義路五段 7 號 30 樓 (台北 101 大樓)｜客服專線：(02) 8758-1568｜野村投資理財網：www.nomurafunds.com.tw  本基金經金管會核准或同意生效，惟不表示絕無風險。基金經理公司以往之經理績效不保證基金之最低投資收益；基金經理公司除盡善良管理人之注意義務外，不負責本基金之盈虧，亦不保證最低之收益，投資人申購前應詳閱基金公開說明書。有關基金應負擔之費用已揭露於基金公開說明書，本公司及銷售機構均備有基金公開說明書，投資人亦可至公開資訊觀測站中查詢。基金買賣係以投資人自己之判斷為之，投資人應瞭解並承擔交易可能產生之損益，且最大可能損失達原始投資金額。基金不受存款保險、保險安定基金或其他相關保障機制之保障。如因基金交易所生紛爭， 台端得先向本公司申訴，如不接受前開申訴處理結果或本公司未在三十日內處理時，得在六十日內向金融消費評議中心申請評議。台端亦得向投信投顧公會申訴、向證券投資人及期貨交易人保護中心申請調處或向法院起訴。基金投資風險包括但不限於類股過度集中之風險、產業景氣循環之風險、流動性風險、外匯管制及匯率變動風險、投資地區政治、社會或經濟變動之風險、商品交易對手之信用風險、與其他投資風險等，請詳見基金公開說明書 (投資人須知)。基金可能投資承銷股票，其可能風險為曝露於時間落差之風險，即繳款之後到股票掛牌上市上櫃之前的風險。債券投資風險尚包括債券發行人違約之信用風險、利率變動之風險等風險。基金可能對不同計價幣別進行一定程度之避險，投資人將承擔基金投資標的對不同計價幣別之匯率波動風險。投資人以其他非本基金計價幣別之貨幣換匯後投資本基金，須自行承擔匯率變動之風險。本基金或所投資之債券子基金，可能投資美國 Rule 144A 債券，該等債券屬私募性質，較可能發生流動性不足，財務訊息揭露不完整或因價格不透明導致波動性較大之風險，投資人須留意相關風險。本基金或所投資之債券子基金，可能投資應急可轉換債券 (CoCo Bond) 或具總損失吸收能力債券 (TLAC)，當發行機構出現重大營運或破產危機時，得以契約形式或透過法定機制將債券減記面額或轉換股權，可能導致基金持有部分或全部債權減記、利息取消、債權轉換股權、修改債券條件如到期日、票息、付息日、或暫停配息等變動。基金配息率不代表基金報酬率，且過去配息率不代表未來配息率；基金淨值可能因市場因素而上下波動。基金的配息可能由基金的收益或本金中支付。任何涉及由本金支出的部份，可能導致原始投資金額減損。本基金由本金支付配息之相關資料，投資人可至本公司網站 (www.nomurafunds.com.tw) 查詢。本基金配息前未先扣除應負擔之相關費用。本文提及之經濟走勢預測不必然代表基金之績效，基金投資風險請詳閱基金公開說明書。野村投信為高盛 (原：NN (L)) 、晉達、野村基金 (愛爾蘭系列) 及駿利亨德森系列基金在台灣之總代理。【野村投信獨立經營管理】  
2024-10-02 18:39:06,降息,美國降息2碼，亞洲不跟 日圓台幣升多快，就看大選3劇本 - 天下雜誌,https://news.google.com/rss/articles/CBMiTkFVX3lxTE1LdXZ2SVk2ZUc0RDgwTTZPT3prQU5IX1hJNEY3dGRIWVFYRWFiZU9WZHRKMTZxOVVOM25mTVJ4ZXJqMGhzNGx1ZTFQQTVBdw?oc=5,2024-09-24 05:20:00,美國降息2碼，亞洲不跟 日圓台幣升多快，就看大選3劇本,天下雜誌,https://www.cw.com.tw/article/5132022,unknow domain
2024-10-02 18:39:06,降息,美國降息後，億級投資人的股票、美債、貨幣、黃金配置－大咖投資日記 - 商業周刊,https://news.google.com/rss/articles/CBMiZkFVX3lxTE9abkJzVFFHcVhaMDl2aGI2eWs3RURoSFF4X1lESjdqMzB5WW1Qb0wwajg3U0Y4eWxmN3ljbjJlU1lvdW5GT2dHbnkydEhNVmFLckN3QXNDYTZlenByS19jZEY2cGl4QQ?oc=5,2024-09-25 02:28:21,美國降息後，億級投資人的股票、美債、貨幣、黃金配置－大咖投資日記,商業周刊,https://www.businessweekly.com.tw/business/blog/3016730,unknow domain
2024-10-02 18:39:06,降息,Fed降息2碼台灣「這產業」可望受惠！學者：春天不是不到，只是來得晚一點 - 財訊,https://news.google.com/rss/articles/CBMie0FVX3lxTE4yeUttbDNsNVFrdlZsdDBySk5CYkc4SnpvWEF2OWtSZWxKQWRkcm5WN3I2NHVXZE83Q1NFdEN1N3pTek5rZ090a1NuMF83c0ZydmlGSnNNdEljUG5PVlkyUEZDZHUyTlBxNDBKNlBGZzBEcTFsaU95TUsyUQ?oc=5,2024-09-25 03:51:42,Fed降息2碼台灣「這產業」可望受惠！學者：春天不是不到，只是來得晚一點,財訊,https://www.wealth.com.tw/articles/d1075953-3157-40b9-a653-318563e7c277,unknow domain
2024-10-02 18:39:06,降息,聯準會降息、中國刺激會推升銅價嗎？ - 天下雜誌,https://news.google.com/rss/articles/CBMiTkFVX3lxTFA5SXdrbVlXNkpGekkzN294d3Vlb1VFeEE4bUlFc1NhdEZTLS1KX3BjaW9NMHF5dXVUZlVyLXV0YS1YSmViVHhNYlUwVnRHZw?oc=5,2024-09-25 07:20:00,聯準會降息、中國刺激會推升銅價嗎？,天下雜誌,https://www.cw.com.tw/article/5132038,unknow domain
2024-10-02 18:39:06,降息,這次不一樣！解析聯準會降息效應 債券、黃金、台股下一步怎麼走？ - 財訊,https://news.google.com/rss/articles/CBMie0FVX3lxTE9TbXZiWGpwbXdtZkFBNlZ0VTNvc0VUU2l5TjBYUXRkUjJzRmtEaVQtZTVMTVpYb1kyejdxYlZoWHVsQUl5cXRaeENBWUJIVmxOLWdLRXJkX2ZkeXFjNFNyVll0X3RzU01iTG5DRTFLeGthNnBLQUJtdUZFSQ?oc=5,2024-09-25 09:19:18,這次不一樣！解析聯準會降息效應 債券、黃金、台股下一步怎麼走？,財訊,https://www.wealth.com.tw/articles/32059973-79c2-4342-a308-2b906efe8223,unknow domain
2024-10-02 18:39:06,降息,Fed在股市歷史高點時降息 股、債後市會怎麼走？ - 聯合新聞網,https://news.google.com/rss/articles/CBMiUEFVX3lxTE8tWm01dDFBQWhSZUZuZW16M2d4TkxoWkNTSHltTnk4MEFBaVFlZ3ZPS0FIaWJNOFdRYl9lOUJOUWhDMTROTnNkUERhbDBybVFU0gFWQVVfeXFMT3VJSjloNW1TVURmUXQ4YkJjZmF1UUphZ0Z3eGd1MkFBTWJCeHFQUW04OXh2MUJwck9waUNjbmxISWh5VGZKMm8zWm8ydF9HOXBrdWJLYmc?oc=5,2024-09-26 04:02:10,Fed在股市歷史高點時降息 股、債後市會怎麼走？,聯合新聞網,https://udn.com/news/story/6841/8252474,"【編譯．張詠晴】  聯準會今天一口氣降息兩碼，而此時正值美股在歷史高點盤旋。在股市高點降息，通常會怎麼影響後市？歷史可以給我們答案嗎？   一般認為，當聯準會降息後，股市往往表現不錯。因為降息目的是刺激經濟，讓企業和消費者的借貸成本更低，這通常有利於股市。   但我們很難從過去4個主要降息週期的表現，得出通用的結論，因為降息後的一年內，美股表現差很大。1995年降息週期開始後的12個月裡，標普500指數上漲23%。但在2001年聯準會開始降息時，股市表現不佳，因為網路泡沫破裂，市場回落超過10%。   巨大差異背後，很大程度取決於市場基本面和聯準會的態度。如果市場認為聯準會對經濟有信心，能實現經濟軟著陸，市場反應會相對穩定；但如果市場感覺聯準會是為了捍衛經濟，不得不降息，反應可能會更負面。   駿利亨德森集團（Janus Henderson Investors）美國投資組合策略負責人卡斯爾頓（Lara Castleton）說，近年可供評估的數據有限。大約一半的時間，聯準會開始降息是因為經濟瀕臨衰退；另一半情況，則是為了調整貨幣政策（即「維持性降息」），而不是為了應對經濟危機。   利率變動並非影響市場的唯一因素。卡斯爾頓表示，企業獲利成長是預測股市未來表現的更可靠指標。當獲利成長，甚至加速，又遇上降息時，對於市場是個好消息。根據她的分析，在這種情況下，標普500在接下來的12個月內平均回報率為14%，相比之下，當利率下降但獲利成長並不明顯時，平均回報率僅為7%。   卡斯爾頓還表示，聯準會目標利率和通膨率之間的差距越大，股市的表現往往越強勁。目前，聯邦基金利率和通膨率之間依然存在很大的差距，暗示聯準會有更多空間進行降息，這對股市有利。   無論如何，沒有人能完全預測市場走勢。即使在樂觀的數據下，股市仍然會受情緒影響。   LPL Financial股市策略長布赫賓德指出，股市已經提前反映即將到來的降息週期，過去12個月內市場上漲了超過24%。因此，未來的投資回報可能會受限。然而，如果經濟實現真正的軟著陸，股票可能還有更多的上漲空間。  當降息遇上股市高點  因此，這時候就很值得探索，如果聯準會降息的時間點，是在股市於歷史高點盤旋時，那麼股、債的後市又是如何？   道瓊市場資訊回顧了歷史記錄，發現自1990年以來，聯準會有7次降息的時間點，正值標普500接近或站上歷史高點。   在這些情況下，股市在聯準會決策當天，有71.4%的機率是上漲的，漲幅中位數為0.51%。而今天美股三大指數皆收小跌，顯然就是在這七成多的機率之外。   決策後六個月後的表現則不一定，上漲機率是57.1%，漲幅中位數僅為0.62%。   市場資歷20年的老將、羅森堡研究經濟學家羅森堡（David Rosenberg）指出，歷史經驗看來，緊縮後的第一次降息，債券市場通常只漲了一半。換句話說，宣布降息後，債券往往還有繼續漲的空間。   但羅森堡說，股票市場的走向就沒那麼容易預測了。它完全取決於聯準會是否成功避免了經濟衰退，或者降息是否來得太晚了。我們在過去已經多次看到這種情況。   因此總體來說，當前股市位處高點，在這樣的環境中，投資人應該要更細緻地評估降息循環與股市的關係。如果能夠避免衰退，那麼股市則還有得漲。   聯準會主席鮑爾在決策會的記者會，確實很樂觀地指出，眼前並沒有跡象顯示經濟會陷入衰退，可預見的未來裡也不會。   信安資產管理（Principal Asset Management）全球策略長夏哈（Seema Shah）認為，不要因為一次降息兩碼就是要衰退了，「有些人質疑必須激進一次降息兩碼的理由，但我們看到的是一個積極避免經濟硬著陸的聯準會。衰退？別提什麼衰退了。」  房地產投資信託基金、新興市場被看好  經濟政策研究中心的貝克（Dean Baker）認為，今天大幅降息的舉動有益無害，「因為聯準會正視了勞動市場正在變弱，並且，目前幾乎沒有通膨再度點火的風險，因此此時去刺激勞動市場幾乎不會有什麼副作用。此外，這也有助房地產市場，畢竟數百萬人已經因為高房貸利率，推遲了買房計畫」。   卡斯爾頓也建議，股票投資人可以在核心持股的基礎上為不同情境做調整，像是考慮防禦性股票和房地產投資信託基金（REITs），這些資產對降息敏感，在經濟出現重大放緩時可以為投資組合提供緩衝。   此外，有「新債王」之稱的雙線資本公司執行長岡拉克（Jeffrey Gundlach）和Vontobel債務投資組合經理德索薩都看好，聯準會降息促使美元走弱，將是增加新興市場投資布局的好時機。   德索薩指出，「全球融資環境在未來幾個月將持續寬鬆，這將有助於新興市場的央行繼續推動其寬鬆政策。已開國家較低的利率也將降低新興市場的外部借貸成本，從而降低再融資風險並提升債務可持續性」。  （資料來源：MarketWatch, Morningstar.com, CNBC）   【延伸閱讀】 日本居酒屋霸主鳥貴族，海外首店在台灣！專訪創辦人　不用炭爐、不選一樓的祕訣  三星HBM卑微等輝達認證，資優生不行了？旺宏盧志遠：技術強，但長期缺這個  美國降息2碼，亞洲不跟　日圓台幣升多快，就看大選3劇本  這個處，九成公務員都會寫程式！63歲處長7年堅持，用AI救700位獨居老人  考上清大卻選擇休學一年，有感筆電：百萬YouTuber的背後，是高度自律   ※更多精彩報導，詳見《天下雜誌》網站。  ※本文由天下雜誌授權報導，未經同意禁止轉載"
2024-10-02 18:39:06,降息,【債市長多1】終於降息美債ETF卻跌價 專家揭資本利得發酵時間 - 鏡週刊,https://news.google.com/rss/articles/CBMiXkFVX3lxTE92aDZaT1hVWHhwWTNfRHNURG5wYm9CeGJnbjlac2YzWk1PSHpHN2lzWlpqWGZiZG5oQ2VUbURSQ3cwamROenZod2ttOC1qV2FFc2luNHNjVEprYWRoSVHSAWNBVV95cUxPRGdmRHVTQ3YtUmplNF9jc2NOYjlyMDlKUEpIMGtYaWozNERGNU5ockdUdUV6b0NycWNZMzlkUF9ySWQzMHVOTVBpUy1QUXd6YUp3LTFPT0dXTWtWMFJRLUQ3cDg?oc=5,2024-09-26 12:28:00,【債市長多1】終於降息美債ETF卻跌價 專家揭資本利得發酵時間,鏡週刊,https://www.mirrormedia.mg/story/20240925money001,unknow domain
2024-10-02 18:39:06,降息,降息效應全解析1》美國經濟無衰退疑慮，選後行情可期 這次不一樣！降息效應全解析 - 財訊,https://news.google.com/rss/articles/CBMie0FVX3lxTE42Vnp5c19UcUNjSzVYdzV1cWhwRnlrVFJFR1l5NFpGZTY2d2FiMnhBeTlqRm5aWjZjUmxGTGRQSlNUOTBZVDNaUVJfSUpRdE52R2pwQV9jQ0dNbkg4aUZ4S04xMjNUX2RNV0RZUU4zSHpoNFRudEhRWS1Maw?oc=5,2024-09-26 23:00:00,降息效應全解析1》美國經濟無衰退疑慮，選後行情可期 這次不一樣！降息效應全解析,財訊,https://www.wealth.com.tw/articles/3903768c-3cd0-4d95-bf46-ed1496369cfe,unknow domain
2024-10-02 18:39:06,降息,中央政治局喊要有力度降息 美國中概股應聲暴漲近11% - Anue鉅亨,https://news.google.com/rss/articles/CBMiT0FVX3lxTE5Lbm9IVEp1QTgxRXBoWHhKb25LRTFYU01PbDYxVE9nZzV3UFFNdmFOVk1DQnNZa0hZZFZ0QUZVdDM3QnZrQy1rejVHcHU4bGM?oc=5,2024-09-27 00:06:28,中央政治局喊要有力度降息 美國中概股應聲暴漲近11%,Anue鉅亨,https://news.cnyes.com/news/id/5725271,美國熱門中概股周四（26 日）收盤普漲，那斯達克中國金龍指數暴漲 10.85%，創 2022 年以來最大單日漲幅，利多是中共中央政治局周四表示，要加大財政、貨幣政策逆周期調節力道，保證必要財政支出，並且要有力度降息。美股愛奇藝 (IQ-US) 、嗶哩嗶哩 (BILI-US) 、京東 (JD-US) (09618-HK) 、拼多多 (PDD-US) 、小鵬汽車 (XPEV-US) 、唯品會 (VIPS-US) 、阿里巴巴 (09988-HK) (BABA-US) 、微博 (WB-US) 周四收盤的漲幅都超過 10%，滿幫、百度飆漲逾 9%，騰訊音樂狂漲 8% 以上。中共中央政治局周四召開會議，分析和研究當前經濟形勢，部署下一步經濟工作，中共中央總書記習近平主持會議。中共中央指出，當前經濟運行出現一些新的情況和問題，要冷靜看待經濟形勢，正視困難，堅定信心，切實增強做好經濟工作的責任感和緊迫感。中共中央表示，要加大財政、貨幣政策逆周期調節力度，保證必要財政支出，切實做好基層「三保」工作。要發行使用好超長期特別國債和地方政府專項債，更好發揮政府投資帶動作用。要降低存款準備金率，有力度降息。中共中央提到，要促進房地產市場止跌回穩，對新屋興建要嚴控增量、壓低存量、提高質量，加大「白名單」項目貸款投放力度，支持盤活存量閒置土地。要回應群眾關切，調整住宅限購政策，降低存量房貸利率。高盛全球市場董事總經理 Scott Rubner 周四表示，近日中國股市走勢強勁，那斯達克中國金龍指數在過去四天狂飆 19%，美國總統大選結束後，中國股市應該成為投資者投資計畫的重要組成部分。Rubner 認為，期待已久的中國股市復甦可能終於到來，如果情況是這樣，投資者應該想要參與其中。周四他在給客戶的一份報告中寫道：「我認為這一次中國真的不一樣。」避險基金傳奇人物 David Tepper 周四也說，沒想到中國的政策力道這麼大，他會買一切中國資產。Tepper 在接受媒體採訪時說：「原本就認為上周美國聯準會（Fed）的降息決定，會促使中國放寬政策，我沒想到中國會使出那樣的大招，這是一個徹底轉變。」當被問及買了什麼中國資產時，他回答稱：「什麼都買，我會買 ETF，也會買期貨，所有的都會買。」
2024-10-02 18:39:06,降息,美債ETF連日跌…不是送分題嗎？降息2碼沒拿到分卻送不少錢 「三原因」曝光！ - 聯合新聞網,https://news.google.com/rss/articles/CBMiU0FVX3lxTFBGeUVQN1RUaVpfWlNuYWtKQ1dHWXIwdVZKb1VLY3EtMzZQQmRHRXRXekF0dXZGSFJCeWdZeDlCLTdmamh6b2NGYlhIcnJycC1jQVlV?oc=5,2024-09-27 04:07:51,美債ETF連日跌…不是送分題嗎？降息2碼沒拿到分卻送不少錢 「三原因」曝光！,聯合新聞網,,
2024-10-02 18:39:06,降息,降息循環啟動，資金由股轉債…台股Q4沒戲唱？中概IC設計、IP撿便宜…22檔價值投資股出列 - 財訊,https://news.google.com/rss/articles/CBMie0FVX3lxTFBjUXZlR1dZOEw3NzlEbi1FVHlhVVUyZUVwTm0zN1FFQnNqY0draG9aTHI3X3dqYk5oLVNlLWZ3WHdFLWNobzQxYTA4UzBELTdiTjFSYXBTRXlFQVNYZVg0U2hiQXdFbTlXOWV4NjhtMFlRcTA4bGRqMUVRcw?oc=5,2024-09-27 06:39:26,降息循環啟動，資金由股轉債…台股Q4沒戲唱？中概IC設計、IP撿便宜…22檔價值投資股出列,財訊,,
2024-10-02 18:39:06,降息,美債ETF連日跌！美國降息之後為什麼不漲反跌，哪裡錯了？股海高手解析3大原因 - 財訊,https://news.google.com/rss/articles/CBMie0FVX3lxTE5sSEtzSk1DWDdiVURXb0NQaFdDYmszdFR1Z1hzZTk3ZXc3ZHItMHZ2NmhKOFc3S1NNMjlHb2hFNGwxclpjVGRoWUZCbVRLaG1WY2JTcEpKcXVUUTdoYmJpdGh5YmpHejdzMlpJS1l6UFJqQ00xX1FZY0lyQQ?oc=5,2024-09-27 06:40:50,美債ETF連日跌！美國降息之後為什麼不漲反跌，哪裡錯了？股海高手解析3大原因,財訊,,
2024-10-02 18:39:06,降息,中國降準降息救經濟專家：短多長空- 兩岸 - 工商時報,https://news.google.com/rss/articles/CBMiX0FVX3lxTE45azNDY3pIeGtDQUs4WlRmcVFLT0ZZbUwyLUk0cFpzbjNHc0VDZ0JjT041MnJrbGowVmk0M2szY3ZwWGkwbmFJSVAyeUFzZjZSeGxEQnVNc3N3YkpMX3FJ?oc=5,2024-09-27 08:30:00,中國降準降息救經濟專家：短多長空- 兩岸,工商時報,,
2024-10-02 18:39:06,降息,鮑爾降息展望市場關注 9月就業報告也將出爐 - 聯合新聞網,https://news.google.com/rss/articles/CBMiUEFVX3lxTE1qS0RlLUVURDFaRlRDYXVwemhtb3pGSm8yRWs4czEtNTVUS1VRY2M0ZUFQZGJLMEpHR0c0cFFnLVJob1o5VzNTcjBndUpEZnQw0gFWQVVfeXFMTkl0UzNBODRkZVVqaEc1cHRTM1E1WVV4TVhIUURySUNDMVhlTlJ4cUVtODdCOWktYTFQeHAwOFNrX1R4OFBrbl84RXYzangxSjd1S01WcEE?oc=5,2024-09-29 17:47:46,鮑爾降息展望市場關注 9月就業報告也將出爐,聯合新聞網,,
2024-10-02 18:39:06,降息,若11月降息金價Q4拚2800美元 - 財經焦點- 中國時報 - 中時新聞網,https://news.google.com/rss/articles/CBMia0FVX3lxTE45R1oxVDFmdnpNcXh0UC14VVFjUDhMYjBfTXpQQWRiaDQtc1RVNVFWVm9aNnZhRW40R2RQUjFnaHl2R1JpbWtKZkVvbFhyTDYtbVBnejdJOG12MC1tTWs1NFpKaVctcFFXRXlv?oc=5,2024-09-29 20:10:00,若11月降息金價Q4拚2800美元 - 財經焦點- 中國時報,中時新聞網,,
2024-10-02 18:39:06,降息,降息潮啟動 為何銀行8月大砍債逾千億元？兩大原因曝 - 經濟日報,https://news.google.com/rss/articles/CBMiWkFVX3lxTE1rTVRLUnc5dmF0d0hLSDZZbXVKQXBGcmItUnJ4MEdHSWV4RTBJU21WWHprWS00RFc5bnZnT28xR3lOcGo2c0JSMzhmMktxWlRkSVU0b3Fqc2h4QdIBX0FVX3lxTE81LVJVTFFsLTE0WkFMcEhGRkhBWW1pZTdMRzg2OGRJMTBCeHdsZHdKQ3lKQ2M0M0hzWF96Wkd3QmZER2VNSm9QaklqQlVTbnJIdmpwWERFQ2FscnQ3d0Vv?oc=5,2024-09-30 00:17:07,降息潮啟動 為何銀行8月大砍債逾千億元？兩大原因曝,經濟日報,,
2024-10-02 18:39:06,降息,Fed 降息也救不了綠能資產？避險基金老將斷言能源轉型終將失敗 | 外媒解析 | 國際 - 經濟日報,https://news.google.com/rss/articles/CBMiXEFVX3lxTFByZEhLSnVvWGRDZXlyZ3FGUTF0aVB5YnI1VUhyUGhxUnFJUzdiWUY4U2dqUVRoTFNfRC1yQm83am9IRE56UTBST0FZZkZPRnBwZy1aS3VILUpXYmxJ?oc=5,2024-09-30 03:12:44,Fed 降息也救不了綠能資產？避險基金老將斷言能源轉型終將失敗 | 外媒解析 | 國際,經濟日報,,
2024-10-02 18:39:06,降息,一邊降息一邊縮表 美國聯準會在通膨隱憂下的無奈決定 - Anue鉅亨,https://news.google.com/rss/articles/CBMiT0FVX3lxTE9iRkRZRm54ME5uYkVRNkxLcllXb0RUREZlVTliQS1oRmJaWW1LS2t3Z1hnVXlsVm9Xc1M2c0YtcEJFRE1nYXk5NkxjaUUtems?oc=5,2024-09-30 06:29:48,一邊降息一邊縮表 美國聯準會在通膨隱憂下的無奈決定,Anue鉅亨,,
2024-10-02 18:39:06,降息,聯準會開啟降息循環，股市、金價走勢將如何？ - TAROBO 大拇哥投顧,https://news.google.com/rss/articles/CBMiuwJBVV95cUxQODJuSld5MWhjN3FvM3R2b1pNZDJwajZOMmowSVZQNlNVZlo5VmNPcElRUm1tSnNHdjlBa3l6bm5LZ1R1dlYyODJsVnBBbm9tN2YwMi1MZ2hRMWNRMFBsQ21fNnRVN0drN0NaanEtVzB4bkEwaUhZbjlrWEJFZDM0aWpPeDd0NFBxY1hBUV9QTk53cU0zRVVrSnhyZVFBUFdHOENSQW4xVjVWcXhyck4zRm9FMWU4cHR3N0ZYVVd1U2pJYWxBaUtBNXBUN1hLS1E3SkN0VXgzTkpZY1hNMGp4QUFHc2tKaWdhMllkRlc1WlhMU1RORWtrRWRCNGw4SXdSQy1rTmsyZkhldUpyZWI3QTk2a0Q0bnNOYmZmblg2ODBsTmFMNGdqVXE4bWxNRmkxTERTbTktdm10Mkk?oc=5,2024-09-30 16:01:52,聯準會開啟降息循環，股市、金價走勢將如何？,TAROBO 大拇哥投顧,,
2024-10-02 18:39:06,降息,降息潮來襲！政策加重調控 房市會怎麼走？ - 台灣好新聞,https://news.google.com/rss/articles/CBMi8wJBVV95cUxQc2R3SmdQYlE5TF9oOTBldzZ6YnUzUVpHOG53Wm1mMEVxSnVOMnByUlJVd3lYbmpSS3ZtZG8wOXVQQU1iMDd5dGNmWi03NWpHczJ4RmJJV0FFNjc1X3ItS2o2b3VBaFhBOGhTeHBQNFBSLWcyU2NtazhCRFRlMzlkWS1WUFliTXk3TzRjN3Y2ZmNoT0psbmpUQ2Vfd1hfaEp5bUptSXhBcGd1NVFKTHhqbUVnRERrNU1wUEJnMUZ3Z2Z2eGlWaC1zMWt0MHl4VVdiXy1sMTExOHUtUDZXS1hGenR0M3ZGdUhITmxENl9EVTFfTjR2Z3Nzd1F2VzZYNFVlRXIxdnlOenpZZUVLcHViM2owMjFJZU1rNko2R1AzMFBjX3dGQ0RTenhyeFdOTmZTU0p6bnA3ZHNSNFJmLTdpUEdONHNPeDFLZ1pCYkt5WHZnaDRsZmFnQk1UNUxJelFZb2llaFRTWkRERDlRQ1BiUDZVOA?oc=5,2024-09-30 17:39:31,降息潮來襲！政策加重調控 房市會怎麼走？,台灣好新聞,,
2024-10-02 18:39:06,降息,經濟日報社論／降息降準下的中國大陸經濟 - 聯合新聞網,https://news.google.com/rss/articles/CBMiUEFVX3lxTE1ITnVjWkp3LWdERld3YjhvOHRYeFhjT2RaM1ZsS0hZMnVwaGF3ZTJkSU56MGZDZWNleUNXTW5sSnhGMnFoNW9aU1dEbF84bjll?oc=5,2024-09-30 17:56:24,經濟日報社論／降息降準下的中國大陸經濟,聯合新聞網,,
2024-10-02 18:39:06,降息,Fed主席鮑爾澆熄大幅降息預期 暗示未來兩次會議只各降1碼 - Anue鉅亨,https://news.google.com/rss/articles/CBMiT0FVX3lxTE5XajBxMzhSTDI4OEdlR1drdlFrTmQwSHdlSVB3MWhheGo2dXF1cVY3MnV2S2ljcHF0dzZscmlnaldCR2NmNjl5RzFrQW1fTlU?oc=5,2024-09-30 19:39:30,Fed主席鮑爾澆熄大幅降息預期 暗示未來兩次會議只各降1碼,Anue鉅亨,,
2024-10-02 18:39:06,降息,Fed鮑爾暗示年內再降息！重申激進「非常態」 美股道瓊微漲17點 - NOWnews 今日新聞,https://news.google.com/rss/articles/CBMiTEFVX3lxTE5KRlZLeWNZZVVoZFdEZjJ0ckhaeFFUbzRWZ2xHMlRDMExhM2tsOFRJLTAtcVEyZ1R3eEl4a2xiY2QzcV9wQXZHeUlXQUPSAVJBVV95cUxPczJ3eXItNC16QXd1NXVpY05ueUhPVnEzSG1ZUTJjcFJ0Y3RRNE8ybE5IcTRFX0hzeUQ1ZGR3d3l3dEM5ZlV0VDI0X0tQR040Zk5R?oc=5,2024-09-30 22:03:10,Fed鮑爾暗示年內再降息！重申激進「非常態」 美股道瓊微漲17點,NOWnews 今日新聞,,
2024-10-02 18:39:06,降息,聯準會暗示「不激進降息」 道瓊、標普再收新高！美股多走揚 - 壹蘋新聞網,https://news.google.com/rss/articles/CBMif0FVX3lxTE1EcFR6V29zRjhXd2dvYjZQWkpkS0F3UWhHZlU4T3haUVhQd1JYa2dWZlZlNmZ2OHZHZEUxQTRKUHVtanNKeU5vZFRESTg3V25fMk5udHBpUXNwLTdCempjQklYMmpoOVExbmFyazM1cTFkWGU4c3A5MjJmYlVwZGs?oc=5,2024-09-30 22:43:00,聯準會暗示「不激進降息」 道瓊、標普再收新高！美股多走揚,壹蘋新聞網,,
2024-10-02 18:39:06,降息,美國通膨持續降溫鮑爾暗示不激進降息- 新聞 - Rti 中央廣播電臺,https://news.google.com/rss/articles/CBMiVkFVX3lxTE1ZVkI3eDJoa3dzZjVzSEUyZlN4cmFRQU5IVS1BNk1DbFJVaHkxRmFJbWY1eWpxZE9aZzdCU29xWnIzR29RWDkyS2pfTE9HSjk0S0I3U2V3?oc=5,2024-09-30 22:46:40,美國通膨持續降溫鮑爾暗示不激進降息- 新聞,Rti 中央廣播電臺,,
2024-10-02 18:39:06,降息,《美債》降息激勵債價連漲五個月創14年最佳表現- 新聞 - MoneyDJ理財網,https://news.google.com/rss/articles/CBMikgFBVV95cUxOb2ZHY1EzR3oxTkJQZnRraEVObmlrN1FWWUNNZDRxQXBUSF95TUpmalRfSk9ENllLTHpncWQ4X3BvZEVGSXFOQ1I1TXBiNUZ6MEgwUUp6VmR5N3VnV3pFWXZyYzkzaFc3a0Y0ZTZKWkRocXhsTWRaVzVIdTBZS25xYTZRTmdWLWZDcThYSEo3OWd4UQ?oc=5,2024-09-30 23:00:00,《美債》降息激勵債價連漲五個月創14年最佳表現- 新聞,MoneyDJ理財網,,
2024-10-02 18:39:06,降息,美國預防性降息vs.美股！統計表秒懂 法人看好這些類股 - 品觀點,https://news.google.com/rss/articles/CBMiVEFVX3lxTFBZX2lZX3NGRTFSXzdIQW91UkdxYnJlSFV4cDRmWDJuSURCZnJoaGtMWUgwazJUa0hNZkRxZGFvRW9qWHF4SVEzX0p2bzh1a3NYR1A4Qg?oc=5,2024-09-30 23:08:00,美國預防性降息vs.美股！統計表秒懂 法人看好這些類股,品觀點,,
2024-10-02 18:39:06,降息,鮑爾稱「不急於迅速降息」 澆熄市場預期- 國際 - 工商時報,https://news.google.com/rss/articles/CBMiX0FVX3lxTE1saFpOc1IwSUVKNWNQYlhjS25RQ0xlR0JZUlp0WlpNRmxqTDhUeXBIOEotSlAyd2dWWF9Ndm1mYzV1RnJ1X0J1Y1NwaXA0TGlZcTN2akl6QTVhTEFaTi1J?oc=5,2024-09-30 23:09:00,鮑爾稱「不急於迅速降息」 澆熄市場預期- 國際,工商時報,,
2024-10-02 18:39:06,降息,〈美股盤後〉鮑爾暗示不激進降息 道瓊月漲1.85% 季線狂升8.2% - Anue鉅亨,https://news.google.com/rss/articles/CBMiT0FVX3lxTE9fdkllVTVqWnBON0lWU1RIOEFFbC16VW1JZ3puc2RIRVpMS0w3U1M4LU9TV3hLREdVeHJFR1F3ZFdONGpFejZCYWRETUE1ekU?oc=5,2024-09-30 23:15:00,〈美股盤後〉鮑爾暗示不激進降息 道瓊月漲1.85% 季線狂升8.2%,Anue鉅亨,,
2024-10-02 18:39:06,降息,誰恐扼殺美股漲勢？2碼的降息 - Anue鉅亨,https://news.google.com/rss/articles/CBMiT0FVX3lxTE9kWXZMN0NZa2lMM0I4N1gyUDBwNXJzQUY5Y0J0c0VQejBqMkF0TWxVYVRzX3VNTFhWRzNoNjgxNmExNEFkOWdLWDJjS1pvRUE?oc=5,2024-09-30 23:42:41,誰恐扼殺美股漲勢？2碼的降息,Anue鉅亨,,
2024-10-02 18:39:06,降息,軟著陸有望？鮑爾：不急著快速降息、就業將穩- 新聞 - MoneyDJ理財網,https://news.google.com/rss/articles/CBMikgFBVV95cUxOakl5ckZRSmdPQU1GYkpzYmplbEtXbG5UU1Q5cUxnQ2lXWE1sa19WQzhscmJVQTVBdVRtYmZkZzdtWnk4RFFsYjcteUNOZDRGbkpwUE5LVDRrZlRjaEVHOG9oYU13cWFFa3NRQVZyd01sbUtjTnRJZWt0al9fVXlvbHBnQTZudzY1NjJKYVpOQlA2QQ?oc=5,2024-09-30 23:43:00,軟著陸有望？鮑爾：不急著快速降息、就業將穩- 新聞,MoneyDJ理財網,,
2024-10-02 18:39:06,降息,美元攀升 市場因鮑爾談話削減對Fed降息押注 - 經濟日報,https://news.google.com/rss/articles/CBMiWkFVX3lxTE9GNlF2dnRPS29TVUxvbHBjaVJGeXBOeXNOZjBzZ2htcGlieEVkR0c1RC1oQU96U0F5Z3V5cGI2cFVkME9DNElUaFlXamJSQVpSTjRXZkJCNF96d9IBX0FVX3lxTE1ub2ljTW5HR0RvbUkyQzNmR2pwQjNaeGdxSWRzVDVEa3h3LW9ESTBwdGhrRDBfdS1wSk1JcGQ3cjlNU3IxSVdUekVPTExqaDZxa0JSallWZUhkSzZRTXQ4?oc=5,2024-09-30 23:51:30,美元攀升 市場因鮑爾談話削減對Fed降息押注,經濟日報,,
2024-10-02 18:39:06,降息,鮑爾暗示年底前兩次會議各降1碼 說 Fed 不急於快速降息 - 經濟日報,https://news.google.com/rss/articles/CBMiWkFVX3lxTE1kZW1YUHprczBsUTFjUWVhak9XSVRaakxySGowV1doQjNxT0tsNjhmUTQ3RVFFTEZWcThFS0VWYmNjbk41MmVUOVdoU0JTOHZ2TFVsZDhJLW9Sd9IBX0FVX3lxTE5WeGoyM3hpbjU5aTZBblNNOGR4OVotSl9qLVk1ZFRNa3VaY0thWThrYldFTXlWLWZMZjJkdFZxSW5sSkZqS1F6WDlOU1hxWmdWVG85eVFBbTBremgzWXdR?oc=5,2024-09-30 23:58:47,鮑爾暗示年底前兩次會議各降1碼 說 Fed 不急於快速降息,經濟日報,,
2024-10-02 18:39:06,降息,誰恐扼殺美股漲勢？2碼的降息｜新聞｜豐雲學堂 - 豐雲學堂,https://news.google.com/rss/articles/CBMidkFVX3lxTE1jY2kwZ1V1anVkdE5TWVRwSnlWVHloUnhYZHdWalBYTlc4X2p2ZUIxWWljbVh4ZDVyblJEdzdsNnpnRG1DNHVjSk5Ua29sNmhkbjdXeHUwSERqYjZnLWk5bTFNZ3BQN2dwWlpwR0lyaVpwV19zemc?oc=5,2024-10-01 00:03:43,誰恐扼殺美股漲勢？2碼的降息｜新聞｜豐雲學堂,豐雲學堂,,
2024-10-02 18:39:06,降息,【有片】Fed主席鮑爾表明「不急於快速降息」 美股周一小漲作收 - 上報,https://news.google.com/rss/articles/CBMia0FVX3lxTFBYMDROVmFtRm5uVFFSc21ZUXJHc3ZZODZ2VV9XLXZDUHhIVGpMSmlzVFZUZFRFUjJzV1hVMEJRamsxSFBiQ3dsN0lVSk9MNWlQRlRsZDBmVGlfLWIzOURweTBDeUJNSEUxd3BZ?oc=5,2024-10-01 00:19:00,【有片】Fed主席鮑爾表明「不急於快速降息」 美股周一小漲作收,上報,,
2024-10-02 18:39:06,降息,鮑爾「擊碎大幅降息」預期：Fed年底共下調50基點，美股道瓊、標普續創新高 - 動區動趨 BlockTempo - 最有影響力的區塊鏈媒體 (比特幣、加密貨幣),https://news.google.com/rss/articles/CBMiekFVX3lxTFBTc2hvWUlDZnJUWHFfYmp6MnUyMkFyQjJEd0R0ejVBWVhXSkFiVWVDMlBVWFNQQVU4Ni10ZFo1V29uY05hY0ZIc1VyUlY4c1BZY3ZtMmd4RURjRXZHbTlNYUlsQzhYdmJKZW1pZXpmOFVuMmZkMzc3RldB?oc=5,2024-10-01 02:07:13,鮑爾「擊碎大幅降息」預期：Fed年底共下調50基點，美股道瓊、標普續創新高,動區動趨 BlockTempo - 最有影響力的區塊鏈媒體 (比特幣、加密貨幣),,
2024-10-02 18:39:06,降息,降息美債抱到哭 他氣「買這什麼垃圾」專家：莫忘初衷 - Yahoo奇摩股市,https://news.google.com/rss/articles/CBMi3AJBVV95cUxNVTViY09LNmFBbWpzTXBRRUxxU2ZJbzRLeGU1eEFfV0MtZDZFNW5QdFRQeFFDblRxd1ExWE1xcXdEdXhZT3lEZ0ZJT2N1Zml5TEtMMG9RVHAtMlloR1Q0c3YzVFpOVW9SR3VoOUdjNWc1RHBJSXlzcnV6TGRnemtZT1JHdXRKVjNHWHdkejlFYW5CcmJjc1BYd2NYWDVSay1nTk5VblBJNmU2MEREV1NNa1R0X1gwUFRJS1FxUTdYcndVMHE4REhHNUI3RW1JSjJVa29seVJiZENOTmtVREpUZE0tOTJtQzl6LWRBbm8wZjdQeHp0LUh6VDgzWGdTV2dTbkZBM2Y5SktWVnh4UXJsRVR4TkZWN252UnM4bnRjYm0xN0xuakVEUEI2M1RxNkdTUm9PVThxaXFMNG8tQm5FakF3dGcwcHdUcmNNdjEzQzBheXlFNnhkWlZqU1c?oc=5,2024-10-01 02:53:22,降息美債抱到哭 他氣「買這什麼垃圾」專家：莫忘初衷,Yahoo奇摩股市,,
2024-10-02 18:39:06,降息,總經｜要再次降息了嗎? 聯準會主席鮑爾：別急，我們慢慢來！ - 優分析,https://news.google.com/rss/articles/CBMiVEFVX3lxTE9ic1FJcGNtMUs1TDZVVnN2SUlzS01oTHVKVjdDRGF4aklHUTUzQTJtMDFTQXo4Um40TUtnRURCcFU5cVVOTHJycHBpZnRkdGZ6VkVNLQ?oc=5,2024-10-01 04:10:00,總經｜要再次降息了嗎? 聯準會主席鮑爾：別急，我們慢慢來！,優分析,,
2024-10-02 18:39:06,降息,不是外界預期的2碼 Fed暗示11月降息1碼 台股反彈上揚 - 信傳媒,https://news.google.com/rss/articles/CBMiWkFVX3lxTE1EeGVaTWlOWmFrUHUwUGlHUzcxeWxtWklMcXExdTM2M0hwSldyQ1R4MHBoUlFfdDktOTAzVy05aG1uR05mVFJaSXNQdFRwT2k0SWRYVDcxQmRBUQ?oc=5,2024-10-01 04:28:00,不是外界預期的2碼 Fed暗示11月降息1碼 台股反彈上揚,信傳媒,,
2024-10-02 18:39:06,降息,乘降息東風 中信投信新募兩檔ETF - 聯合新聞網,https://news.google.com/rss/articles/CBMihAFBVV95cUxNaFhFd3NOTFg5WXdVc3U1dXUyWlhzTzVoUUp4SDVhM2RoS3hfRUh5OWxKWDYtMDFZaG9Ca0xSUUhJRE5HUVJOVzVoWjl0NHk2REh2TkNDS3hPcXFQeTgyR0NZSXpjWS1LLUJoV1hEY1RJd2xMVGc5VWpISHZPSE1oenVTYWfSAVhBVV95cUxPZzg2S0U2ZkNDWG8yaF83UmJxTmtDdUptaGpCMXM1UlRFYmxpOG9nTHdCdlJtN1ZYVWdDRmFkenZZUjJoX1BJTG1iemtIQjBRSldoR2FDek5j?oc=5,2024-10-01 04:36:13,乘降息東風 中信投信新募兩檔ETF,聯合新聞網,,
2024-10-02 18:39:06,降息,「債」不買真來不及？降息循環開啟…3區間劇本讓你跟漲不跟跌！ - 聯合新聞網,https://news.google.com/rss/articles/CBMiUEFVX3lxTE90UWx2cjA1UWtYeTZ3V1V4U0xOdzNZSUgxVWdKRGgwUldhMmNqcFEzaUV6MVpIaUVzdUpJTmRpNS1ERnVuS2FvcG5nd1FzVGhs?oc=5,2024-10-01 05:32:51,「債」不買真來不及？降息循環開啟…3區間劇本讓你跟漲不跟跌！,聯合新聞網,,
2024-10-02 18:39:06,降息,降息循環啟動 美元3個月期定存年息飆5.25％ - 自由財經,https://news.google.com/rss/articles/CBMiX0FVX3lxTE5od08xb0d4SXNHZlBPV0xsVGVWSmdENWJFSjE5LXVkVV9IS2p0TGZiM0pFdjdJZTdxUGtBcXBKcHJEeWI1aDBGejNCNURyRHhTSTZ3QjNIMWZpRTFTcldv0gFkQVVfeXFMTlF0U2Q3U0ZRVTRFdDZkTGd6RkV5cEotOXUzZkw0VTlPNlI3MVlja1N1UkZXSFhMaVhYeEgzbDEzOUZUcmNnQ2JhVjdSS203TDUwbDliSW5RQ2JfMGtVaFRXVFYwdA?oc=5,2024-10-01 05:53:34,降息循環啟動 美元3個月期定存年息飆5.25％,自由財經,,
2024-10-02 18:39:06,降息,降息喜迎資金潮？還是先求抗震？一起開箱這檔廣納全球機會的收益型基金 - Anue鉅亨,https://news.google.com/rss/articles/CBMiT0FVX3lxTE5iMzRuREp1bGdfaUw4YzNRRHJiU3NhU1pUVFJlTjVWalRHZFdPWmFnREJlNjFjVW5mYmJJS2V5TjJtQWNQOUFscTdCeEFHRm8?oc=5,2024-10-01 06:45:54,降息喜迎資金潮？還是先求抗震？一起開箱這檔廣納全球機會的收益型基金,Anue鉅亨,,
2024-10-02 18:39:06,降息,【美股新聞】聯準會鮑爾暗示降息路徑仍存變數，今年有望再降兩碼！ - 美股放大鏡,https://news.google.com/rss/articles/CBMiX0FVX3lxTE13dVlTNWFVczhOeEV0Vll0eWZ1b3FGd0V2d0pZelJ5enVJeDRBTWhnRGdSaGZ6dUNGczhwbGlObmQ3QWJQTTdYcGNVY1d5UEo1N3pCWFE1MDNLNmxZLWhR?oc=5,2024-10-01 07:04:05,【美股新聞】聯準會鮑爾暗示降息路徑仍存變數，今年有望再降兩碼！,美股放大鏡,,
2024-10-02 18:39:06,降息,降息添股市柴火 還會續噴的市值型ETF怎麼挑？ - ETtoday財經雲,https://news.google.com/rss/articles/CBMiUkFVX3lxTE8yOGxwdUdUdDZaWlR2WndzdWhqeS02RFlibDRUOC1zV3RsX3hubmFpQ2x1dFVDRWRwdlpJaEVTOXppenc3SlJNMU52cjNKUzBLUEHSAW5BVV95cUxOUlMyeEZqbUIyUUNHVlg4VWFmdWl3Z1VjVVdQWFhzUUxMTFUyU2xMaW85dWRjaWdaMUNMc2V1a01EcUFwUjJ0U0tyck9LdVVMMndLY2M0ai0zMThLOTZYN1k5clN4SC0tc2tBYngxZw?oc=5,2024-10-01 07:29:00,降息添股市柴火 還會續噴的市值型ETF怎麼挑？,ETtoday財經雲,,
2024-10-02 18:39:06,降息,Fed降息前夕國人搶買債 單月最吸金四檔債券ETF | 市場焦點 | 證券 - 經濟日報,https://news.google.com/rss/articles/CBMiWkFVX3lxTE5kNEdEYlpnc3Rnd3loRVlSdXUyQzMzeUh3dnpKdzJQTGdRbllJQndVUGNfWHF1WElhaWJ5T09wcUtwcUZ0TFpDd05JMHBvUWE3UndMYXI4ekxTUQ?oc=5,2024-10-01 09:11:13,Fed降息前夕國人搶買債 單月最吸金四檔債券ETF | 市場焦點 | 證券,經濟日報,,
2024-10-02 18:39:06,降息,FED歲末啟動降息 台中銀逆勢推出限量回饋 美元優利定存年利率最高三個月5.25% - WinNews-威傳媒,https://news.google.com/rss/articles/CBMiSkFVX3lxTFB6b29IVHFpMU5iQUZzRkFPRGY5UnVQQTFkbHVldllJTWNhNHp2T3lCSEpzX0tpZURDOVAxLXJueXNCbkFlVFFBUEpB0gFPQVVfeXFMTWVvTm1FMkEtcXhaTGdWRHpnbUVuckxqcmM1ZWoySUJTNXNuSDhXQWNUWmJRZDhIcVRQS01ZNjRjbkVpSW1hSjdoRGNyVnVXNA?oc=5,2024-10-01 13:59:00,FED歲末啟動降息 台中銀逆勢推出限量回饋 美元優利定存年利率最高三個月5.25%,WinNews-威傳媒,,
2024-10-02 18:39:06,降息,鮑爾打壓市場降息預期 美股早盤開低、道瓊跌近300點 - NOWnews 今日新聞,https://news.google.com/rss/articles/CBMiTEFVX3lxTE9lQ3BfQmFqM2VZLXhPS2g4WW9pejR4c2NNOVpWSklnWjdPZ3BHUkdQU0UxNlpIaXprYUE1Vl9mNkNzZ2paV3lIQ1FWSEfSAVJBVV95cUxOekhnd1kzSlBKdVpUdVZ6eWxhd2dOSXFBNHVodjM1NElCZEphMVJFWm9EX0tZOTBlX0M5LW5qQlZMaHI4ODVKUUJuUFA1amlsTU93?oc=5,2024-10-01 14:18:06,鮑爾打壓市場降息預期 美股早盤開低、道瓊跌近300點,NOWnews 今日新聞,,
2024-10-02 18:39:06,降息,長天期美債ETF 攻守兼備 - 經濟日報,https://news.google.com/rss/articles/CBMiWkFVX3lxTE5kN0FOdjZLaE9CZlFBcUUyWWoxeEVvZVVTcV85WVBydG5Mdm5KLXN1dmVzUTg2eXUwcUdVMTYwbVBJV2xudUdqMW9qQUtyTFROd2liM2NHYjNnUdIBX0FVX3lxTFBBSTlsMnJ5UFBDM2IzNGxtR3NLNS04SVR3cW1zR042dnplYXFKY3dRMzNCeEVWdDhjQ0lLV0s1bHVpcGozbHh1cV8yTEltWWh6RFhhR1RBMVQwNVlvSnd3?oc=5,2024-10-01 15:42:23,長天期美債ETF 攻守兼備,經濟日報,,
2024-10-02 18:39:06,降息,美持續降息、大選觀望 4Q24汽車產業持平 - DIGITIMES,https://news.google.com/rss/articles/CBMijgFBVV95cUxQblc2N1FhUHVsRk1lT3JOYUpzTzhheXJBcWE3NXlCbGliTDA1X0dfQXZPMXQwX2dKR0dvMHRRU01zb3pyQzN0Ny15UlRZYjh0a0UzLWp5dXJwc2VIeFNzOFB0SjExWmVXM0lXb2l4bi1pVTJjaVFJWkI1cnFEM2FSM1FneGRBYTJGU3lhR2Nn?oc=5,2024-10-01 18:24:00,美持續降息、大選觀望 4Q24汽車產業持平,DIGITIMES,,
2024-10-02 18:39:06,降息,ECB 本月降息預期增強 - 聯合新聞網,https://news.google.com/rss/articles/CBMiUEFVX3lxTFBjWFpoUURkQW5WaUR2MENRdDZ1WS1zbkNkcFhWeDIyckNaV1o2aF9SZzJzRmpqTjUwZEk5a1hDU3U4UGM5ZUlBaDRrd1h4clRm0gFWQVVfeXFMTnpSb3M1ZG5LSzB0cV9tRzh0cmJsS1hzZmdOUnQ5aEFROTJ3bEE1cXVjUDJDOU16T0k3blhKN3dYS0I5d0ZnQ0ZlTlVnekFhWDdudkp5WkE?oc=5,2024-10-01 18:39:28,ECB 本月降息預期增強,聯合新聞網,,
2024-10-02 18:39:06,降息,美聯準會主席強調經濟仍穩健 鮑爾： Fed 不急著積極降息 - 經濟日報,https://news.google.com/rss/articles/CBMiWkFVX3lxTE9wWGhEb3FPbEstcjJXdm83dlhwakktT2Y4T0VBak5wVEEtX1JCemQ4eTVLUUZBa1pEY3pKWTdwal9nRDU3VHpkei00RUZMSFVhT2tmdHJIZC02UdIBX0FVX3lxTE5sMDFzNUVHTHZnRU1zVlN1OVZpQUxBVHZBaFpidFlDY3BzUkJTWm1ILWU1Wl84Tk9VaVFNWU1WeFNDOGlCU0JJWGctNElJZmxjb041cFBoa3BCQlM4V1Rz?oc=5,2024-10-01 18:41:50,美聯準會主席強調經濟仍穩健 鮑爾： Fed 不急著積極降息,經濟日報,,
2024-10-02 18:39:06,降息,通膨跌破2％ ECB降息在望- 全球財經- 工商時報 - 中時新聞網,https://news.google.com/rss/articles/CBMia0FVX3lxTE1QZXVtMUM0SXdqUExsblZ6M3FQRzNuNHkzY3ExYW14T0pRSVc0cy1rcXN5R0xuZEwwRmktNmM4bmNkSzJ0YXJYcXo1dnNyd0JOa09CY3NTV25BS2E2WU1Pa0FSNTYzbjhaLXRv?oc=5,2024-10-01 20:10:00,通膨跌破2％ ECB降息在望- 全球財經- 工商時報,中時新聞網,,
2024-10-02 18:39:06,降息,鮑爾放鷹不急快速降息- 財經要聞- 工商時報 - 中時新聞網,https://news.google.com/rss/articles/CBMia0FVX3lxTFBHVnZ3SHd4aWlTSUZka1RtZnhwdGJCWFQ4bXFxdDliZkIyNjhNcjI5V1l4M3BkaXVTMzBnWW5pRnVIbC1UVG9EUHlHRlJETjJOT2lIYk53SUhTZG1tb1A2SDRodjhVZFVNMWdV?oc=5,2024-10-01 20:10:00,鮑爾放鷹不急快速降息- 財經要聞- 工商時報,中時新聞網,,
2024-10-02 18:39:06,降息,Fed不激進降息台股喜收紅- 財經焦點- 中國時報 - 中時新聞網,https://news.google.com/rss/articles/CBMia0FVX3lxTE5HckRjQlBJNVNkSk95YTJzY0FyeTk1ZUhiMnFyQWo5Z1RoTGZ1S0tYOTIyeWp0b2RDOGdHcldCM2cwWGJVNXk1UkhYYW1LN3hpdkVPR2dFMThpX3hYR01VQU40aThnYU54N29Z?oc=5,2024-10-01 20:10:00,Fed不激進降息台股喜收紅- 財經焦點- 中國時報,中時新聞網,,
2024-10-02 18:39:06,降息,韓國9月出口增長放緩降息呼聲起- 全球財經- 工商時報 - 中時新聞網,https://news.google.com/rss/articles/CBMia0FVX3lxTE9zMWRHQ2RGOTREYTJYaUdHYnRoN2VjZHdTaHNXejdwN2FBQ3NiNTBHQXRxd3dhWXRDMkdaeC1WR0ZFcnR5WTNBb2FwV3BpUTgtalYzM3Q5d19TRlZnY29IbVhRSFc4dE1JTEgw?oc=5,2024-10-01 20:10:00,韓國9月出口增長放緩降息呼聲起- 全球財經- 工商時報,中時新聞網,,
2024-10-02 18:39:06,降息,【私銀觀】美國聯儲局開啟降息周期- 胡一帆 - 信報財經新聞,https://news.google.com/rss/articles/CBMiVkFVX3lxTFB4T3l2ZXo4dlVjM1YybkxwNkdjaG9fV0pwMUF1VWhVcXV6Qm5rYkdZTW1xUVlDMm9FWVFFUTBLdkh6SWswalhPVml1RlVGckUxa2t1Ylp3?oc=5,2024-10-01 21:00:05,【私銀觀】美國聯儲局開啟降息周期- 胡一帆,信報財經新聞,,
2024-10-02 18:39:06,降息,無快速降息壓力 鮑爾暗示11、12月各降1碼 - 自由財經,https://news.google.com/rss/articles/CBMiVkFVX3lxTFBnNjBWUUduSUZORXdsUnZXZHN3UVhBOFdmUlpQVE9tVFBESkNscDR1cXB4aUhBNm1oMDMtZ21qYkNSOG1pZWNfeGl3ZUtHT1VSdjdTNE130gFbQVVfeXFMTVo0Yk9CS3llZmJmTjdvOU5sd29pZFA2Sm96OE9tWHVtZElIR2pldTBhOWJ6VTc3QVVQTGxBVzhMU2hYaWJ5Wms0ZE40QlpnTlhnS3ByblhNWFdZQQ?oc=5,2024-10-01 21:30:00,無快速降息壓力 鮑爾暗示11、12月各降1碼,自由財經,,
2024-10-02 18:39:06,降息,Fed降息不躁進！台股10月開盤首日喜收紅 鮑爾：年底前可能再降2碼 | 財經 | CTWANT - CTWANT,https://news.google.com/rss/articles/CBMiT0FVX3lxTE96dU0zVC1Hc3p0cGMycGptUFM2TWx4Z2VJdjRpRGJ0c2c0UTYwRmdyLUdSSEdHTEVuMWg2R0VWSU16dzdOelhnUWJPQi1Vd2PSAVRBVV95cUxPcjlJRVZHaEd0cGZaYzR1RDFRQUVJR1UydTFiVC01UG1qNGI3c3JlOUZjamhIMjlJSG9mRVdTNkxqUU02ZTF2eHhPcUxBRXE5MUp0bVM?oc=5,2024-10-01 22:13:29,Fed降息不躁進！台股10月開盤首日喜收紅 鮑爾：年底前可能再降2碼 | 財經 | CTWANT,CTWANT,,
2024-10-02 18:39:06,降息,聯準會降息衝擊五大面向，專家教你第四季怎麼投資 - 遠見雜誌,https://news.google.com/rss/articles/CBMiTkFVX3lxTFBIOHV4Vm5tdlB6WGRiYVJYX3J2Nm5nMmNTRTBaS1BtWlZhS2JvQ2NlUmp5Y2MzSFNUQXBsLTdSVUF3Z1BQN29JTTBSYzUtZw?oc=5,2024-10-01 23:20:48,聯準會降息衝擊五大面向，專家教你第四季怎麼投資,遠見雜誌,,
2024-10-02 18:39:06,降息,重演 1990 年代奇蹟？聯準會降息能否再造經濟繁榮？ - TechNews 科技新報,https://news.google.com/rss/articles/CBMioAFBVV95cUxPX3BaLTBBaXIzOTktNDhwTzFGRVZub3pnQW93aVhjdHUyRkpqb3hTaUlEYnA4RXEySVU1eXNCdnV1bVN3N2NKeW5SazZxVmx4NkJSYTF0T25XY0NwT1NDck1xXzJsTWVYV3liX1hqbE9jRlg5UmlxaE80NTdrLWo2bTJsanlROHpHd0d4cmNiU3pCYlpCTnVmVTZLcFFsano0?oc=5,2024-10-01 23:43:06,重演 1990 年代奇蹟？聯準會降息能否再造經濟繁榮？,TechNews 科技新報,,
2024-10-02 18:39:06,降息,歐洲央行官員Kazaks傾向於10 月降息但提醒市場押注不要過於激進 - MSN,https://news.google.com/rss/articles/CBMingNBVV95cUxQUm5oOXZNQVpOWnZzWkhxWlFNRUlwZWxOeU0xM0liV2dITk45QVc5Q01nRlJDT1J5RTZWdUFSMUJDVlhZeUpzSXJKeXZRVjFtT1h3eVY5MWJIUDZaX3EySUJjeThjMk1qTDJIczhLQ0RfSTdWbTVHbnZKMF9MM3A3TGJZTzZqOTNCSDI0aUdFVTlCMG4zckZwdWk3UWlZNFl6dXRYNzIycy10NmZKTTlzVmJ1NWpjWGxJR21uYTZOYnFkc0Mxem5YMmxsUVFyTWl1aHZZMDBBZUlhWk5JV0JDcU12eXVrWVFjek9oNlRZZlp4dGhFTnFTME5kUjY3WVNNZklINmZlUVpELVZlWURvcGM5dEFBWUJ4S0NKNnRVMzhscHlGUlpxVnZrRTMyQ01CMXdocDR5NjBseFB4SU5SN0dMVHNfWTZDUTJaZ0hFWWpuU3hxeEtFMERpMmdGa01LdzlQNGpvOU9tMkRUTU42VENTOEdYNXJxSDdOMlY0MEpTV2tLT1kySXQzRjZLOWpuSU9URlJ5cnFtQ2VCblE?oc=5,2024-10-01 23:53:06,歐洲央行官員Kazaks傾向於10 月降息但提醒市場押注不要過於激進,MSN,,
2024-10-02 18:39:06,降息,美降息效應待發酵 車用 PCB 大廠敬鵬看下半年持平上半年 - 經濟日報,https://news.google.com/rss/articles/CBMiW0FVX3lxTE1ZMS00cTdyUWpHMG5WdmxFTU52UFBXRjFEYlk1aGZyV3ViTmxhamtLYkRmeVoxSHl5bmp1SHFSTldnNG4tRGFNbWJkU1NFVnpYaVNZSDh6ekxYenPSAWBBVV95cUxPQnpHMXo1dGkwd21fTVU4ZkpfNzBoZlZnUHA5b0FXU0ptNjcwVTN4bFJtcTlXZFdwc2hWTVhrd1ZScnptTmNfaS1DODhnbXFOTkNnX1BhNmhTOEVrLVlwbE8?oc=5,2024-10-02 01:40:57,美降息效應待發酵 車用 PCB 大廠敬鵬看下半年持平上半年,經濟日報,,
2024-10-02 18:39:06,降息,聯準會降息潑冷水+颱風效應 台幣狂瀉1.86角 - CTWANT,https://news.google.com/rss/articles/CBMiT0FVX3lxTE05eE9JTjQwa3FzdWxMVmpMaDRXQ1V6bkdrcDNpRGhydS1lRy1ZdHpVcW5LNEtXSm5OWTVIM3ZlSnNCN0xsR2JDZC10V21KMXM?oc=5,2024-10-02 04:14:50,聯準會降息潑冷水+颱風效應 台幣狂瀉1.86角,CTWANT,,
2024-10-02 18:39:06,降息,聯準會降息潑冷水+颱風效應 台幣狂瀉1.86角 - Yahoo奇摩新聞,https://news.google.com/rss/articles/CBMipwJBVV95cUxOSlc2VlZhSndNLWVrQWZFRWVXckdKZ2xDdnpVcUxuRW54MFl4TjVCZXNES09RZ05PN1JJNVdWSjY2RV83MDV0VEVkYzR4ZDlmd3ZRcS1SaVRUUjdzVVNIVHNQN091UEVYNFBDYnRGZGI2eWF0SDFaZTVpMEhYOTdwWjNLSDJwV2NFZVF2eWJ2ck1BRE1fbFpUNVlvZVpscWdqVHVTWGdlNnJtQlA1R0E5YW4tb1lRRUtOXzhKQURobXAtdkFtOXFSd2dLdEJ4ZW9wUWQyUUpIMzJrWGk5QjRjUGRwRWstQUxFLWRMbHAxWlVjTjkzY0lSb25yc3hIN2h1bEhvTGh0NC1pV1B3YzR2Z3U2WHFqajlRQ2d3ZVBTaVpuZFpIeVBn?oc=5,2024-10-02 04:21:19,聯準會降息潑冷水+颱風效應 台幣狂瀉1.86角,Yahoo奇摩新聞,,
2024-10-02 18:39:06,降息,跟著央行一起買 - Yahoo奇摩新聞,https://news.google.com/rss/articles/CBMipwFBVV95cUxOR2RFNWE0OUQxMFFlRFR5X3d6NFdfbHM5WHZfdHlpRTNUcVpkdHFSa0FNTWFhU2hDOUlCaXZQTXRVZmo1RXFXay1MTVJ2UG50ajF2cEl6VTVwbkFzYW1XNmZPX0hPcUtrS2JYMmVmTjhDblh0ZDNJc3FPTXhPOExBOWRWUURvS0N0SWNqaGFFNE9XRkliM0txQmRnVjFDNHR2UTlNMFJ3TQ?oc=5,2024-10-02 05:25:10,跟著央行一起買,Yahoo奇摩新聞,,
2024-10-02 18:39:06,降息,台股上漲熱錢卻落跑！「台幣重貶1.86角」 專家預估短期匯率 - Yahoo奇摩新聞,https://news.google.com/rss/articles/CBMi4wJBVV95cUxONlBrdHpaR09KQVpWVERZZFhXa2RNYWpqMl9JQlNTY0hpeUZMYUk5aGJmMWh6djFMTnpJZXc5RkxrRjRTcExYQzZnN0dnd05PRl9idE85TmNmVVU3eXJCTUV1amZpMEdaOGs1dlMwY0V2aDNYTUlUVENHT3hxaFJlSndGWjNPc204R3ljbWhLY0FwY2lCLWhDRy02bUhWcG14VnM2QmxKclliNnp2aWRBOU5ITEhjSDh2eHd4S05hcnhaUkZDTTZVMWR1Zko5RFpjY29VNlhuamJpemxmT2hCbkpFQkk3cmRldXJZSGN3UkEtU0hSOFVYei1BNHZaWjYxZkUtZzlJMjNfdWpOcHZqWUx4STg2T1RKVXRXdWxuZVZXRUhPQkhXelI5R08xaWlHckhlODE3UVdick9vd05KOFBXcDlXeENBanN1UEdlRjhibU5NRDl5UVlwS3BZbDlGR3M4?oc=5,2024-10-02 05:42:15,台股上漲熱錢卻落跑！「台幣重貶1.86角」 專家預估短期匯率,Yahoo奇摩新聞,,
2024-10-02 18:39:06,降息,10/1股匯不同調！ 熱錢落跑...台幣爆量貶1.86角 - Yahoo奇摩新聞,https://news.google.com/rss/articles/CBMilAJBVV95cUxPWGVZVHlyb201d3dqRE05ZnktcTZpdl9EaUNrTHZTNldwaDZXTHViTmdiMWd0RWI0a1NEem13dnBEOGRVbVdORkVzQS12RUpZNzBTdDFiX3NwMm5wemswaHpfVE1ZMzE3RjZmay1EVTdULW1wdmxxeFZ6a2x1M2d4MHJRS0x4TVBvWDRlczluOTRVMDVicHB1UnZqd2czM3RxbTRoVkxsS3hET3luVkZob2dnQTZvRENVWkI0SDQ5bzdYRFBmU01XX3lYZ0I3UktnNGQ2ZTJWbzFJWmZ5LWxKZUhycVNrdTFrMjdyUjIyMFZ4SG1UeGlmY3ZEOE5HWGNoMlA4ODNsRGk3Z1BYUFFmcmpENnY?oc=5,2024-10-02 08:02:14,10/1股匯不同調！ 熱錢落跑...台幣爆量貶1.86角,Yahoo奇摩新聞,,
2024-10-02 18:39:06,降息,聯準會降息點燃熱潮！00937B「每股配0.082元」最後後上車日曝光 - Yahoo奇摩股市,https://news.google.com/rss/articles/CBMi6gJBVV95cUxQQ29hV1gxNHotbHhrQmc4NHhqX0RGbUpSNXFkLWU3M1N6eUxZdEw5bjFwRXJrbW9HSEhhcEpkLURTeThhTmhUdWpfWG1vbi1vSnk4S0V6U2QxUzhmRlMzSHdIMzgzNENzaTVmVWZxVnpnUUswNkQycEY1cVNfZlVzekxwZjIzalZLbklsNVZxSEdmdVk4V2JjcllaUTdHQkRmWWRNSEY5NmplOU5KRERHc0dvUk1Nb1dyNmM1ZmVNZ0xna3JldURaVVVQalNSOUZRWlZjS2pWTGdhdE9VLXctMVhoRkdId0xMOGc2Tm1tai1iTkhNc29XMnUxbHF2aTBhbVBMdHdPbU8zTjRDQlFvSVZmcE1OempRSmprT2poVjJLeHgtbGYtb1JwdHlicHhiYmFzU0Zuc1RlR3dVRnBjYzFHdXBRbUJTbnVCY0JfcE12M1FNU1dQY0xHS1hZRXpzOXc4NG81MTBiZw?oc=5,2024-10-02 08:10:00,聯準會降息點燃熱潮！00937B「每股配0.082元」最後後上車日曝光,Yahoo奇摩股市,,
2024-10-02 18:39:06,降息,【總體經濟】九月非農就業數據即將揭曉，繼續降息兩碼關鍵時刻！ - 美股放大鏡,https://news.google.com/rss/articles/CBMic0FVX3lxTE0wYXowNjlEQnVOd1A1eU1wQTNhZmJyLVlQT3Y4RUpnVi1fekNPTzB2emlDN2s4VVpkZDhXcl9mbzYweEFCeUF2dEw3NXpDRDhQc0xvUnNRa2owa1pkSzljUDQ4dHI4OGhuRnB6VlJvLXd0S0E?oc=5,2024-10-02 08:14:21,【總體經濟】九月非農就業數據即將揭曉，繼續降息兩碼關鍵時刻！,美股放大鏡,,
2024-10-02 18:39:06,降息,【美股新聞】美9月ISM製造業PMI萎縮延續，降息成製造業反彈關鍵！ - 美股放大鏡,https://news.google.com/rss/articles/CBMioAFBVV95cUxOTExaSUt5OU90WGdOTTNkQ0tQTzNFU1BDSm5hdy1Ca3NiOG5RNjU0TVRuTHRPUFRXR2wyQ3VDOFVSZk1GNVZPaC1qX1ZpM1VKVFdCT1R1QWZVVWhOYlh5RFVBVXJ1MlJJaG5sTXItS0VXTk9JN2pMM2lKOHh0bkNBS2NPWmkyOWpGM05vQ1RsUm11TktOX1lRS1Z1Rjl6T1lH?oc=5,2024-10-02 08:16:43,【美股新聞】美9月ISM製造業PMI萎縮延續，降息成製造業反彈關鍵！,美股放大鏡,,
2024-10-02 18:39:06,降息,降息減弱債券及貨幣市場收益率 提升不動產股吸引力 - 聯合新聞網,https://news.google.com/rss/articles/CBMiUkFVX3lxTE16WFlNMW81Z0phRmo3cExvZ1RiVjNJUmZGLTVuamx0d0dzQnJVVVF4eVdxcEprUGxQM3JmcmdKN2k2aXU3LUtvcHkxWGttaUN1VVHSAVdBVV95cUxQalFMUFh2Um5FOVE3Ml84Wk90LUVEWW15RWpZUkNNbGRkakJYR1k5SzNvNTNvTEExR3BwaVhDRU0taHJLRGJvZWdKZ29XVXpoWDRuY2NyQ2M?oc=5,2024-10-02 09:31:48,降息減弱債券及貨幣市場收益率 提升不動產股吸引力,聯合新聞網,,
